{"cameraMode":{"drawMode":0,"name":"Shaded","section":"Shading Mode"},"sceneLighting":true,"audioPlay":false,"sceneViewState":{"m_AlwaysRefresh":false,"showFog":true,"showSkybox":true,"showFlares":true,"showImageEffects":true,"showParticleSystems":true,"showVisualEffectGraphs":true,"m_FxEnabled":true},"in2DMode":false,"pivot":{"x":1.2338558435440064,"y":1.9801154136657715,"z":6.786493301391602},"rotation":{"x":0.006937275640666485,"y":0.9809698462486267,"z":-0.035635337233543399,"w":0.19098496437072755},"size":0.8660253882408142,"orthographic":false}